timestamp,open,high,low,close,volume
2019-04-18,78.0000,78.1000,75.1500,75.7000,71847766
2019-04-12,79.4000,79.5000,76.6500,77.0000,92997828
2019-04-04,80.9000,81.0000,78.0500,79.5000,111586726
2019-03-29,81.0000,82.5000,79.7000,80.0000,77526061
2019-03-22,86.0000,87.7000,80.0500,81.9000,104251957
2019-03-15,81.9500,86.0000,81.7500,85.9500,74057483
2019-03-08,83.6000,83.7500,80.3500,81.2500,116398136
2019-03-01,85.0000,85.2000,82.3500,83.9000,97285604
2019-02-22,84.0000,85.0000,82.5000,85.0000,76840638
2019-02-15,82.1000,84.0000,81.9500,83.3000,74564106
2019-02-08,82.4500,82.6000,81.6500,82.3500,17856631
2019-02-04,83.5000,84.0000,83.0500,83.4000,10172248
2019-02-01,81.8000,84.0000,81.1500,83.1500,90186224
2019-01-25,80.8500,82.4500,79.8000,81.1500,103260637
2019-01-18,80.1500,82.1500,79.5500,80.8500,86836186
2019-01-11,77.9000,80.0000,77.0500,80.0000,100230986
2019-01-04,75.1000,76.8500,72.9000,76.8000,62326151
2018-12-28,74.0000,75.0000,73.6500,73.9000,32501019
2018-12-24,74.9000,74.9000,73.3500,74.0000,9856603
2018-12-21,74.8500,76.0000,74.0000,75.3500,74675482
2018-12-14,77.5000,77.6500,74.6500,74.9500,84505699
2018-12-07,78.5000,78.5000,74.5000,77.5500,134518692
2018-11-30,76.5000,78.0000,76.0500,77.6500,83496967
2018-11-23,76.8500,77.8000,74.1000,75.9000,52344930
2018-11-16,73.5500,76.9000,72.9500,76.8500,63676843
2018-11-09,72.2000,75.1500,72.0000,72.9000,64378144
2018-11-02,72.1000,74.7500,71.1500,74.0500,98446993
2018-10-26,77.7500,78.0000,72.5000,73.0500,89143948
2018-10-19,76.8500,78.5000,76.1000,77.8500,75802606
2018-10-12,78.0000,81.0500,76.6000,78.0000,128866331
2018-10-05,76.0500,77.8000,74.4500,77.5500,77006216
2018-09-28,76.0000,77.1500,74.5000,77.1500,61855795
2018-09-21,75.9000,76.9500,75.1500,76.2500,81497040
2018-09-14,76.0000,76.9000,74.9000,76.9000,102313707
2018-09-07,73.7500,76.0000,73.4000,75.6500,126647240
2018-08-31,73.8500,75.2500,72.8500,73.8000,76664785
2018-08-24,74.0000,75.2000,72.0500,72.9000,88354918
2018-08-17,71.5500,73.5000,70.4000,73.3000,104589170
2018-08-10,69.5500,71.9000,69.0000,71.8500,60730194
2018-08-03,70.0000,71.2000,68.6500,69.2500,75471447
2018-07-27,68.5000,70.0000,68.1000,69.9000,61741585
2018-07-20,69.2500,69.3000,67.8500,68.5000,52143252
2018-07-13,71.0000,71.2000,68.7500,69.0000,73674546
2018-07-06,71.1000,71.1000,67.8500,69.6000,73873426
2018-06-29,69.4000,70.4500,68.1000,69.7000,93013143
2018-06-22,70.0000,70.2000,68.3000,68.7000,66861755
2018-06-15,71.8500,72.5000,69.6000,70.2500,71526787
2018-06-08,71.6500,73.5000,70.9500,71.5000,74053942
2018-06-01,71.9000,72.0500,69.6000,70.5500,128883502
2018-05-25,73.5000,73.8500,71.5000,72.0500,59313386
2018-05-18,75.0000,75.0000,72.6000,73.4000,56242272
2018-05-11,74.0000,74.3000,72.6000,73.8500,50630060
2018-05-04,74.9000,75.4000,72.7000,73.0000,58867562
2018-04-27,73.4000,74.6500,72.0000,74.6500,85626343
2018-04-20,74.5000,74.5000,72.1500,73.1000,85384795
2018-04-13,72.5500,74.9500,72.1500,73.7500,83561380
2018-04-06,72.6000,72.9500,70.4500,71.5500,54920960
2018-03-29,70.1500,72.9000,69.6500,71.9500,76104763
2018-03-23,71.7000,73.1500,70.5000,70.8000,78149366
2018-03-16,72.5500,72.8500,71.1000,72.3000,79264296
2018-03-09,72.5000,72.9500,70.0000,72.2000,109091726
2018-03-02,75.9000,75.9000,72.3000,72.6000,136815110
2018-02-23,74.2000,75.6000,73.5500,74.7500,48925653
2018-02-15,74.6000,75.3500,72.8500,74.2000,86804061
2018-02-09,80.0500,80.3500,74.5500,74.6000,119243119
2018-02-02,83.0000,83.2000,80.8000,80.9000,92121311
2018-01-26,80.8000,84.0500,80.2500,82.3000,129609723
2018-01-19,78.1000,82.0500,77.9500,80.5000,124577546
2018-01-12,78.7500,78.8000,77.0000,77.7500,73265338
2018-01-05,79.5000,79.7500,77.8500,78.0500,51949856
2017-12-29,78.5000,79.6000,78.0000,79.2500,28830817
2017-12-22,77.4500,78.0000,76.3500,78.0000,49011909
2017-12-15,76.7000,77.1500,75.8000,76.8000,68838646
2017-12-08,79.2500,79.2500,75.8000,76.0000,69221058
2017-12-01,79.9000,80.8500,78.7500,78.8000,77773734
2017-11-24,78.1500,79.9000,77.8000,79.6500,61345909
2017-11-17,80.1000,80.3000,78.0500,78.1500,73047388
2017-11-10,78.8500,81.1000,77.9500,80.3000,75017020
2017-11-03,79.6000,79.7000,78.1500,78.8500,73853017
2017-10-27,79.3500,79.4500,77.8000,79.2000,65782711
2017-10-20,79.0000,79.7000,78.2500,79.3000,72144077
2017-10-13,78.5000,79.4000,78.2000,78.4000,81595271
2017-10-06,79.3500,79.8500,78.6000,78.9500,47442699
2017-09-29,78.6000,80.6000,78.6000,79.1500,96622851
2017-09-22,82.0000,82.0000,79.2500,79.4000,81617175
2017-09-15,83.2000,83.2500,80.7500,81.5000,85398661
2017-09-08,82.6000,82.8500,81.7000,82.3000,54738371
2017-09-01,88.0000,88.5000,82.5500,82.9000,88754511
2017-08-25,86.5500,88.9000,86.5500,87.7000,55236181
2017-08-18,88.7000,88.9500,86.0000,86.4000,87383934
2017-08-11,83.2000,89.6000,83.2000,87.7000,175917278
2017-08-04,83.7000,84.3000,82.9500,83.3500,69496191
2017-07-28,84.5000,84.6000,83.1500,83.4500,64349880
2017-07-21,82.7500,84.7500,82.0500,84.2500,76169642
2017-07-14,81.0000,82.4500,80.7000,82.2500,79142745
2017-07-07,82.6000,82.9000,80.0000,80.9000,88636065
2017-06-30,83.4500,83.6500,82.5000,82.8500,62050658
2017-06-23,84.4500,84.4500,83.2000,83.4000,52488465
2017-06-16,83.9500,84.2500,83.3000,84.1500,55342972
2017-06-09,85.7000,85.7000,83.7000,84.0000,65054758
2017-06-02,86.1500,87.2000,85.1000,85.5000,53334531
2017-05-26,86.2000,87.0000,85.6000,86.1500,59964802
2017-05-19,84.5000,86.2000,84.3000,85.7500,64194968
2017-05-12,84.8500,85.6000,83.8000,85.1000,69996856
2017-05-05,82.6500,84.9000,82.6000,84.3000,60549087
2017-04-28,84.4500,84.4500,82.3500,82.9500,94414261
2017-04-21,84.1000,84.7000,83.0000,83.8500,55065168
2017-04-13,85.5000,85.8000,84.2000,84.5000,44364677
2017-04-07,86.0500,86.9000,84.6000,85.5000,53271574
2017-03-31,87.0500,87.4500,85.0500,85.0500,73068303
2017-03-24,88.9000,91.3000,86.0000,86.4500,155909629
2017-03-17,85.2500,87.3000,83.3000,87.1500,85234369
2017-03-10,85.5500,85.8000,83.8000,84.4000,61532225
2017-03-03,87.0000,87.4000,84.3500,85.1000,70064464
2017-02-24,86.3000,87.9000,86.1000,86.5000,74867416
2017-02-17,88.2000,88.6500,86.3500,86.6000,73017871
2017-02-10,87.2500,89.0500,87.2000,87.6500,60199941
2017-02-03,87.4000,88.9500,86.7500,86.9500,38388201
2017-01-27,86.6000,88.5500,85.8000,87.8500,60001933
2017-01-20,85.2000,86.8500,83.8000,86.4000,59087290
2017-01-13,84.7000,85.7500,83.2000,85.3500,56436229
2017-01-06,81.6000,84.6500,81.3500,84.0000,52966648
2016-12-30,80.5500,82.3500,80.3000,82.2000,35022932
2016-12-23,80.8500,82.2000,80.5000,80.5000,59544621
2016-12-16,84.2500,84.2500,80.7500,81.2500,97958379
2016-12-09,84.8000,85.1500,83.2000,83.6000,80946875
2016-12-02,83.4500,86.0000,83.4500,84.3000,75825387
2016-11-25,84.5000,85.1000,83.1500,83.9000,69175868
2016-11-18,84.1500,86.1000,83.1000,84.6000,81455377
2016-11-11,89.0000,89.1500,84.2500,84.2500,101797017
2016-11-04,90.0000,90.0000,87.0500,87.3000,67060080
2016-10-28,90.0000,91.4000,87.8000,88.2000,103966428
2016-10-21,93.8500,94.2000,91.5000,92.0000,53895059
2016-10-14,97.5000,97.5000,93.7000,93.8500,45091217
2016-10-07,95.5000,97.4500,95.3000,96.4500,44848725
2016-09-30,95.5500,96.6500,93.8500,93.8500,56461318
2016-09-23,95.4000,98.0000,94.6000,96.3500,55202356
2016-09-15,95.1500,96.5000,94.5000,94.5000,64497411
2016-09-09,96.6500,99.3000,94.1000,98.0000,90219165
2016-09-02,96.0500,97.7500,93.5500,95.0500,56480256
2016-08-26,98.7000,99.2000,96.1500,96.2500,45320114
2016-08-19,98.6500,99.3000,96.4500,98.7000,68491115
2016-08-12,97.0500,99.0000,95.3000,99.0000,78321376
2016-08-05,97.0000,98.2000,94.4000,96.4500,46897071
2016-07-29,97.0000,98.4000,95.6500,95.6500,78446058
2016-07-22,92.9500,98.6000,92.5000,96.5500,102690499
2016-07-15,89.1000,93.4000,88.0500,93.2000,84898282
2016-07-08,89.6000,90.1500,86.1500,87.4500,60247306
2016-06-30,84.4500,89.3000,84.0000,88.6500,60091699
2016-06-24,85.7500,87.8000,83.4000,83.7500,99684786
2016-06-17,87.4000,88.2000,84.4000,84.9000,62997768
2016-06-10,88.3500,91.1500,87.4000,89.0500,60245434
2016-06-03,87.0000,90.4500,86.6000,88.1000,107625389
2016-05-27,85.0000,87.3000,83.5500,87.1500,62261577
2016-05-20,84.2000,86.0000,83.0500,84.4000,62880698
2016-05-13,86.7000,87.9500,83.4500,83.9500,59335935
2016-05-06,90.0000,90.0000,85.3000,85.8500,54604579
2016-04-29,91.8000,92.0000,88.8000,88.9500,66400443
2016-04-22,90.3000,92.0000,87.3500,91.3000,73172132
2016-04-15,85.4500,90.4000,85.0500,89.8500,74067536
2016-04-08,85.7500,86.5000,84.3000,86.3500,53848760
2016-04-01,84.4000,86.6000,83.4500,85.6500,67415243
2016-03-24,85.2000,85.3000,83.1000,83.3000,61264958
2016-03-18,86.5000,87.3000,83.8500,85.1000,76216026
2016-03-11,86.5500,86.5500,83.7000,85.5000,53791983
2016-03-04,84.6000,86.0000,81.9000,85.7000,68550641
2016-02-26,84.9500,85.5000,82.7500,84.4500,50485470
2016-02-19,83.4500,84.8000,82.3000,84.3500,58874805
2016-02-12,80.7500,83.5000,80.6000,82.2000,34348401
2016-02-05,85.2000,86.9000,83.2500,84.6000,71616713
2016-01-29,84.0000,86.0000,82.1500,85.7000,83871300
2016-01-22,79.4500,83.1500,79.0000,82.6500,99947317
2016-01-15,79.8500,82.7500,79.0000,80.4500,92175126
2016-01-08,87.1500,87.3500,80.2500,82.0500,91289480
2015-12-31,88.2500,88.6000,87.2000,87.5000,19797945
2015-12-24,87.2000,89.0000,87.2000,88.5500,27228539
2015-12-18,87.5500,90.3500,87.2500,88.1000,67985234
2015-12-11,90.0000,91.3000,89.1000,89.6000,65866106
2015-12-04,88.0000,91.2000,87.0500,90.3000,99039927
2015-11-27,91.6000,92.5000,88.7000,88.8000,67804014
2015-11-20,89.0500,91.8500,89.0000,91.7500,64681020
2015-11-13,92.3000,93.7000,90.2000,90.5500,70463113
2015-11-06,94.0000,95.8500,91.6500,93.3000,74441970
2015-10-30,94.6000,95.3500,92.5000,92.8000,61590426
2015-10-23,95.0000,97.2000,92.3000,93.3500,71451488
2015-10-16,91.9500,94.9500,91.0000,94.2000,109059074
2015-10-09,95.9500,96.3500,91.1000,91.6000,113966827
2015-10-02,90.3000,94.4500,89.7000,94.3000,80458214
2015-09-25,90.8500,97.8500,90.8000,94.4000,93649746
2015-09-18,92.0000,94.3000,89.7500,92.1500,75709364
2015-09-11,89.3000,94.8000,88.4000,91.5500,82899705
2015-09-04,93.4500,95.6000,90.4500,91.5000,77848387
2015-08-28,96.1500,97.4000,89.7500,91.8000,140380031
2015-08-21,99.9000,102.3000,96.2000,100.1000,108862298
2015-08-14,100.0000,103.8000,98.6000,99.4500,73078745
2015-08-07,101.7000,101.7000,98.4500,100.9000,48707942
2015-07-31,98.6500,101.8000,95.6000,101.5000,77963941
2015-07-24,99.0000,102.6000,97.2500,100.2000,68063361
2015-07-17,94.8000,98.3500,93.5500,97.5500,75851182
2015-07-10,101.1000,101.8000,85.0000,95.8500,161151716
2015-07-03,101.0000,101.4000,97.9500,99.9500,65462257
2015-06-26,101.0000,104.9000,99.5000,99.8000,81191627
2015-06-19,101.0000,102.0000,98.6500,99.5500,59215785
2015-06-12,101.1000,102.5000,97.7500,101.7000,80636074
2015-06-05,101.5000,104.8000,99.0500,102.3000,66337675
2015-05-29,107.9000,108.5000,102.0000,102.1000,77625607
2015-05-22,107.8000,108.3000,102.0000,105.8000,91642678
2015-05-15,109.4000,109.6000,104.5000,109.0000,65223451
2015-05-08,111.6000,113.2000,107.0000,108.2000,69465541
2015-04-30,116.2000,116.8000,110.3000,110.7000,80947035
2015-04-24,108.0000,116.4000,106.2000,115.1000,161019073
2015-04-17,110.0000,111.3000,104.8000,107.7000,145526697
2015-04-10,103.0000,118.0000,103.0000,110.6000,103764589
2015-04-02,99.0000,103.5000,99.0000,102.8000,72991063
2015-03-27,99.6000,102.9000,98.9000,99.9500,77910664
2015-03-20,99.7000,106.0000,98.0500,98.3500,102214860
2015-03-13,100.8000,102.8000,97.8500,99.9000,79219304
2015-03-06,105.5000,106.4000,100.3000,101.3000,85829796
2015-02-27,106.4000,107.8000,104.2000,105.4000,75924594
2015-02-18,105.6000,107.7000,105.3000,106.9000,27525006
2015-02-13,105.8000,107.7000,101.8000,107.2000,105941460
2015-02-06,101.0000,108.5000,101.0000,105.9000,105508851
2015-01-30,105.0000,105.0000,101.1000,102.5000,82927197
2015-01-23,96.5000,105.1000,95.4500,104.5000,134651619
2015-01-16,94.8000,98.9500,94.0000,97.8500,102980522
2015-01-09,90.8000,95.8000,87.9000,95.0500,110768878
2015-01-02,91.5000,92.9000,89.9000,91.4000,46824050
2014-12-24,91.0000,92.5500,90.8500,91.4500,37549868
2014-12-19,89.0000,90.7500,87.4000,90.2500,100699952
2014-12-12,95.9000,95.9000,90.5000,90.6500,78414365
2014-12-05,94.3000,95.3500,90.5000,95.0500,95490533
2014-11-28,96.8000,97.5000,94.7500,95.5500,80455019
2014-11-21,97.8500,97.8500,93.5000,94.8500,78280661
2014-11-14,98.7000,99.3000,94.5500,96.6500,91072095
2014-11-07,97.8000,98.3000,95.0000,96.5000,59475515
2014-10-31,88.8000,96.9000,88.1000,96.5000,94219524
2014-10-24,93.7500,93.8500,87.1500,90.0000,111301075
2014-10-17,90.8500,95.2000,90.8500,91.9500,74685366
2014-10-10,93.5500,95.0500,90.8000,92.3500,103311621
2014-10-03,89.7500,93.1500,89.5000,92.8500,34714869
2014-09-30,92.7000,93.1000,89.6500,89.7500,48673660
2014-09-26,94.6500,96.8500,92.3000,92.7000,91621563
2014-09-19,97.8000,99.5000,94.1000,96.4000,101172730
2014-09-12,100.8000,101.6000,98.3500,99.3000,66344809
2014-09-05,96.5000,102.2000,95.1000,100.2000,132012975
2014-08-29,94.6000,96.7500,93.2000,96.4000,98041252
2014-08-22,93.5000,96.5000,93.2000,95.0000,145420857
2014-08-15,85.3500,93.5000,85.0500,93.4000,150979361
2014-08-08,85.0000,86.2000,84.4500,85.5000,81261050
2014-08-01,84.0500,87.0000,84.0500,85.3000,122979728
2014-07-25,82.0000,85.5000,81.4500,84.0500,122154152
2014-07-18,77.1000,82.1500,77.1000,81.6000,139613291
2014-07-11,76.3000,76.7500,75.5500,76.6000,45975847
2014-07-04,75.2000,76.6500,73.7500,76.1000,45492705
2014-06-27,75.2500,76.0000,73.7500,75.6000,52903878
2014-06-20,75.2500,76.2000,74.9000,75.8500,50797822
2014-06-13,76.0000,76.9500,74.1500,75.8000,72579808
2014-06-06,76.5500,77.0000,75.5000,75.5500,64353350
2014-05-30,77.8000,77.8000,75.3000,75.8500,57175253
2014-05-23,76.9000,78.6000,76.0000,77.2500,82640831
2014-05-16,75.0000,76.6000,74.4000,76.4500,97387193
2014-05-09,72.3000,75.7500,71.6500,74.5000,103682644
2014-05-02,69.1500,74.2000,69.1500,73.1000,109824886
2014-04-25,71.9000,72.2000,68.6000,69.0500,85793123
2014-04-17,73.9500,74.4500,71.5500,71.9500,71497070
2014-04-11,71.7000,75.3000,71.1500,74.6000,129395083
2014-04-04,70.5000,72.0000,70.2000,71.1000,103898086
2014-03-28,65.0000,70.0000,64.8500,69.9000,106596014
2014-03-21,69.5000,70.1000,63.6500,64.5000,151054308
2014-03-14,72.6500,72.7000,69.0000,69.5000,90919017
2014-03-07,73.5000,74.6500,73.3000,73.4000,71304767
2014-02-28,73.8500,74.2500,73.1500,73.7500,67444150
2014-02-21,73.5000,74.5000,72.5500,73.9500,67394926
2014-02-14,73.0000,74.8000,72.6500,73.8500,98687479
2014-02-07,72.3500,73.1500,71.9000,73.1000,79424997
2014-01-30,75.2000,75.6500,72.8000,74.0500,84411281
2014-01-24,77.1500,78.2000,76.0500,76.1500,71125230
2014-01-17,78.0000,78.6000,76.6500,77.8500,70032809
2014-01-10,78.4500,78.7500,76.1000,77.8000,79369051
2014-01-03,81.4500,81.5500,78.5500,78.6000,60045154
2013-12-27,81.2000,81.4000,80.8500,81.0000,8708955
2013-12-24,81.0000,81.2500,80.4500,80.9500,25026614
2013-12-20,80.4000,81.4000,79.3500,79.9000,96693322
2013-12-13,84.5000,85.2500,80.2500,81.3000,86998357
2013-12-06,83.5000,85.5000,82.6500,84.6500,97078500
2013-11-29,80.3000,84.2500,80.2500,83.5000,103688952
2013-11-22,82.2000,83.4500,80.0500,80.4500,132027491
2013-11-15,80.7000,81.6000,79.5500,81.0000,73345873
2013-11-08,80.8000,81.7500,79.9000,80.5000,60866908
2013-11-01,81.5000,81.9500,80.1000,81.0000,73258934
2013-10-25,85.5500,85.6000,79.6000,80.1000,145211735
2013-10-18,85.4000,85.4000,83.6500,84.6000,50984265
2013-10-11,85.0000,85.4500,83.0000,85.1000,93605841
2013-10-04,87.5500,88.7000,83.8000,84.0000,97466964
2013-09-27,87.9500,88.6500,87.2500,88.1500,68646864
2013-09-19,88.0500,88.7000,86.9000,87.9500,61758379
2013-09-13,86.5000,89.2000,85.7000,87.6000,117435823
2013-09-06,84.4000,86.2000,84.1000,86.0000,110770512
2013-08-30,83.1500,83.6000,82.4500,83.3500,70114123
2013-08-23,83.5000,84.3000,81.9500,83.1500,82011938
2013-08-16,82.9000,84.7500,82.6000,83.7000,68219369
2013-08-09,83.3000,83.6000,81.8500,82.5500,48452068
2013-08-02,82.6000,83.6000,81.8000,83.1500,62547351
2013-07-26,82.1000,84.0000,81.6500,83.4500,61848892
2013-07-19,80.7000,82.4500,80.6500,81.7000,52819382
2013-07-12,79.2500,82.3000,78.0000,81.5500,87834115
2013-07-05,81.0000,81.2500,78.1500,80.6500,71253337
2013-06-28,76.5000,81.2000,75.1000,81.0000,133443540
2013-06-21,76.9500,77.9500,74.9000,77.1000,133671592
2013-06-14,78.5000,79.4000,75.6500,75.8500,107935494
2013-06-07,82.2500,82.9500,78.6000,78.6500,74438146
2013-05-31,82.8000,83.7000,82.2000,82.4500,70200710
2013-05-24,86.5000,86.6500,82.3000,82.9000,82765852
2013-05-16,85.8500,86.5000,85.3500,85.7000,40804155
2013-05-10,85.5000,86.3000,84.7500,86.2000,53799019
2013-05-03,83.4500,85.1500,83.4500,84.8000,42738786
2013-04-26,82.7000,84.9000,81.4000,84.1000,67523257
2013-04-19,82.6500,82.6500,80.6500,82.1500,66237452
2013-04-12,82.8000,83.4500,82.0500,82.9500,57003257
2013-04-05,82.4500,83.3500,81.5500,82.0000,41873161
2013-03-28,81.2000,82.8500,81.1000,82.2000,56699895
2013-03-22,81.3500,82.5500,80.1000,81.5000,109704488
2013-03-15,84.5500,85.1500,82.3000,82.5500,100908087
2013-03-08,84.3500,85.1000,82.8500,84.2000,100561739
2013-03-01,86.8000,86.8000,84.4000,84.5500,68586822
2013-02-22,86.0000,86.2500,84.9000,85.7500,74135767
2013-02-15,86.4500,86.4500,85.4000,85.7500,24770816
2013-02-08,86.0500,86.1000,84.2000,85.4500,81199737
2013-02-01,83.5000,86.1000,83.5000,85.0000,117245692
2013-01-25,88.2500,88.2500,83.5500,84.0000,140245672
2013-01-18,89.0500,90.4500,86.3500,87.6500,114214009
2013-01-11,89.8000,91.1000,88.2500,89.8500,115200209
2013-01-04,90.2000,91.8000,90.0000,90.6500,59971507
2012-12-28,90.2500,90.5000,89.8000,90.2500,20826604
2012-12-24,89.7000,90.0000,89.2500,89.7000,6732510
2012-12-21,88.9000,90.6500,88.4000,90.1500,85074342
2012-12-14,89.3000,90.0000,88.1500,88.9000,76025728
2012-12-07,88.2000,90.0000,86.9000,88.1500,74814047
2012-11-30,88.5500,88.9000,87.0000,88.6000,70627347
2012-11-23,84.7500,88.3000,84.7000,87.9500,75596866
2012-11-16,86.0000,86.6000,84.0000,84.8500,71140955
2012-11-09,86.8500,89.6000,86.0500,86.1500,89082500
2012-11-02,86.4500,88.2000,85.2500,87.8000,71648611
2012-10-26,84.1500,87.9500,84.0000,85.7500,89048164
2012-10-19,83.9500,85.6000,83.2000,84.5500,116015708
2012-10-12,85.0000,85.9000,84.0500,84.3500,82992943
2012-10-05,86.7000,87.1000,85.7000,85.9000,39509881
2012-09-28,85.0000,86.7500,84.5500,85.9500,82215465
2012-09-21,83.2000,86.3500,82.3000,85.6000,115542658
2012-09-14,82.7000,83.3000,81.2000,83.2000,110963105
2012-09-07,83.0500,83.4500,81.1000,82.3000,70391978
2012-08-31,83.3500,84.7000,82.5500,82.8000,63237662
2012-08-24,83.1000,83.9000,81.8000,83.0500,136547291
2012-08-17,91.5000,92.6000,83.3000,83.6500,140013594
2012-08-10,89.2000,91.0000,88.3000,90.7000,56206321
2012-08-03,90.0000,91.1000,87.3000,88.0000,82285285
2012-07-27,87.6000,89.0000,85.6500,88.9000,68062559
2012-07-20,86.5000,88.5000,85.4000,88.2500,65550025
2012-07-13,84.4000,86.8500,83.8000,85.4500,58430450
2012-07-06,86.9000,87.1000,84.9000,85.6500,52619787
2012-06-29,81.7000,84.9500,81.3500,84.7500,88130714
2012-06-22,81.8000,82.8000,80.7000,81.2000,60007487
2012-06-15,79.5000,80.6500,78.1000,80.0000,58106884
2012-06-08,77.6000,79.5000,76.5000,77.7500,66935825
2012-06-01,79.6000,80.9500,77.8500,77.9000,67417732
2012-05-25,82.0000,83.1000,79.1000,79.5500,83684722
2012-05-18,86.9000,88.2000,82.2000,83.1000,110454857
2012-05-11,88.1000,89.8500,86.4000,86.9000,93416659
2012-05-04,84.7000,89.4500,84.3000,88.8500,81109982
2012-04-27,87.0000,87.0000,83.3000,83.8500,70475697
2012-04-20,84.8000,87.6000,84.5000,87.4500,55264167
2012-04-13,83.1000,84.9500,82.5000,84.7500,43342091
2012-04-05,86.0000,86.4500,82.5000,83.6500,44674329
2012-03-30,82.9000,85.7000,82.4500,85.4500,69225573
2012-03-23,82.5000,84.4000,80.8500,83.2000,80099092
2012-03-16,87.0000,87.5000,82.6000,83.7500,167079162
2012-03-09,82.1000,84.7000,79.6500,84.2000,111974513
2012-03-02,81.2000,82.9500,80.2500,81.7000,67681659
2012-02-24,82.0000,82.0500,79.7000,81.4500,69229689
2012-02-17,78.9500,82.0000,78.8000,81.7500,104645511
2012-02-10,79.9500,79.9500,77.2000,78.7500,95883885
2012-02-03,78.4500,80.0000,77.4000,79.0000,91359354
2012-01-27,77.9500,79.0000,77.1000,79.0000,54066207
2012-01-20,75.6000,76.7500,75.0000,76.7000,87087687
2012-01-13,75.9000,77.5000,74.8000,76.1500,57446223
2012-01-06,77.0000,77.4000,75.2500,75.6000,52469880
2011-12-31,74.8000,76.0000,0.0000,0.0000,35895947
2011-12-24,73.5000,74.5000,0.0000,0.0000,61881874
2011-12-16,75.5000,75.5000,73.0000,73.6000,74852849
2011-12-09,76.2500,76.2500,74.3000,74.8000,71315441
2011-12-02,75.0000,76.6500,74.1000,75.9500,86043525
2011-11-25,75.0000,76.9500,73.9000,74.0000,49163559
2011-11-18,76.5000,78.0500,75.1000,75.8500,53967114
2011-11-11,75.1000,76.3500,74.3500,75.7500,70553192
2011-11-04,74.8500,76.9500,74.4000,75.2500,100255907
2011-10-28,76.6500,77.0000,74.1000,74.6500,110580002
2011-10-21,76.0000,76.3000,73.5500,74.5500,71280850
2011-10-14,73.7000,75.9000,72.1000,75.4000,127716992
2011-10-07,76.5000,76.7000,72.5500,73.7000,146098456
2011-09-30,75.4670,77.8000,73.7000,77.1000,115870890
2011-09-23,79.5000,80.2000,74.5000,75.4500,145553220
2011-09-16,77.5000,80.5500,77.4000,79.2500,118783222
2011-09-09,77.5000,81.1500,77.5000,79.4500,119303920
2011-09-02,78.8500,80.4000,77.9000,78.5000,101205540
2011-08-26,76.5000,79.0000,76.3000,77.8000,164118704
2011-08-19,74.9000,76.5000,74.1500,75.8000,135941979
2011-08-12,72.9000,74.5000,68.2000,73.9500,212794141
2011-08-05,78.4000,78.8000,73.8000,74.1000,139635478
2011-07-29,76.9500,78.6500,76.4000,77.5500,110237996
2011-07-22,71.5000,77.7000,71.0500,77.6000,184546099
2011-07-15,73.1000,74.3500,71.2500,71.8500,81802818
2011-07-08,72.9500,73.8000,72.0500,73.8000,76145853
2011-06-30,72.8500,73.1000,71.2000,72.0000,96987579
2011-06-24,69.8500,73.3000,68.8500,73.2000,130755182
2011-06-17,69.0000,70.6000,68.8500,69.1000,82131053
2011-06-10,71.4000,71.4000,69.2500,69.8500,60589955
2011-06-03,69.8000,71.9500,69.6500,70.1000,93082807
2011-05-27,69.2500,70.3000,68.0500,70.0500,92043457
2011-05-20,70.3000,70.9000,68.6000,69.2500,96694858
2011-05-13,71.9500,72.4500,70.0000,70.8500,69907510
2011-05-06,71.9000,72.3000,70.9500,71.6000,73739462
2011-04-29,71.9500,72.6000,70.9000,71.4000,69630347
2011-04-21,72.3000,73.2500,71.6500,71.9500,74093537
2011-04-15,73.7000,73.9000,72.5000,72.7500,83287825
2011-04-08,75.9500,74.5000,72.8500,73.7000,85026417
2011-04-01,70.0000,73.0000,70.0000,72.7500,110397476
2011-03-25,70.4500,71.2000,69.8500,70.5000,103918880
2011-03-18,74.5500,74.5500,68.5000,69.8500,191495901
2011-03-11,74.3000,75.8500,73.7500,74.5500,83898473
2011-03-04,72.0000,75.3500,72.0000,74.6000,118132369
2011-02-25,73.7500,74.0000,71.5500,72.9000,107706497
2011-02-18,73.6000,74.7500,73.2000,73.9000,118233070
2011-02-11,77.1000,77.1500,72.5000,73.0500,156017134
2011-02-02,76.2000,78.0500,76.2000,77.4500,54158470
2011-01-28,77.8500,77.8500,76.1500,77.2500,105328559
2011-01-21,78.2000,79.6500,76.6500,77.4500,157217770
2011-01-14,76.8000,78.8000,76.1500,77.8500,127323147
2011-01-07,77.0000,77.9000,76.8500,77.4500,72577008
2010-12-31,76.7500,77.4000,76.0000,77.2000,48261361
2010-12-24,76.9500,77.8000,75.8500,76.4500,62258139
2010-12-17,78.5000,78.8000,75.9000,76.0500,107677371
2010-12-10,78.3500,79.5000,77.5500,77.8500,74976319
2010-12-03,78.2000,78.8500,77.2500,77.9500,86034583
2010-11-26,78.5000,79.2000,77.3500,78.2000,98249494
2010-11-19,79.9500,80.1000,77.1500,78.0000,125683240
2010-11-12,82.0000,82.7500,79.2000,79.3500,126774053
2010-11-05,79.5000,83.0000,78.7000,82.3000,177534121
2010-10-29,80.8000,81.3000,78.6000,78.9500,137771628
2010-10-22,83.2000,83.8000,80.1000,80.4000,150527563
2010-10-15,82.5000,83.5000,81.0500,83.3500,142919353
2010-10-08,80.6000,82.9000,79.9000,82.0000,151366720
2010-09-30,80.9500,80.9500,79.2500,79.4500,97654146
2010-09-24,78.6500,80.3000,78.6000,80.1000,106848646
2010-09-17,76.3000,78.9500,76.2000,78.8000,180697272
2010-09-10,82.0000,82.2500,76.4500,76.5000,887526051
2010-09-03,81.8000,81.9000,78.5000,81.0500,106398303
2010-08-27,82.6500,83.4500,79.4000,81.6000,87464088
2010-08-20,81.7500,84.8000,79.8790,82.8000,125305118
2010-08-13,82.4500,84.2000,80.8500,82.5500,113738466
2010-08-06,79.3500,83.0000,78.7500,82.2500,123783848
2010-07-30,78.7500,79.4500,77.6500,78.5500,64395497
2010-07-23,76.5000,79.2000,76.5000,78.4500,62129748
2010-07-16,79.1000,79.9000,76.8000,77.0500,71841144
2010-07-09,76.6500,79.1000,76.6500,78.9500,68459716
2010-07-02,78.7000,79.2500,76.9000,77.8000,61424213
2010-06-25,78.4500,80.0500,78.0500,79.0000,107256301
2010-06-18,77.7500,77.9000,76.2500,77.7000,59523941
2010-06-11,72.7500,77.8000,72.7000,77.2000,119490836
2010-06-04,72.4000,74.5500,72.3000,73.8500,76571160
2010-05-28,74.0530,74.8500,71.3000,73.1000,127010852
2010-05-20,73.2500,75.3000,72.8000,74.6500,72839839
2010-05-14,76.5500,76.5500,74.3000,74.4500,107172499
2010-05-07,76.0000,77.2500,74.0500,74.3500,129032118
2010-04-30,80.0000,80.0000,76.0500,77.2500,102073868
2010-04-23,77.7500,80.3000,77.2000,78.5500,121303647
2010-04-16,79.9500,81.2000,78.2500,78.9000,144870914
2010-04-09,76.2000,79.4000,75.6500,79.3000,114537047
2010-04-01,76.3000,76.3000,74.5500,75.5500,73627748
2010-03-26,75.0000,76.3500,73.5000,74.9500,79717856
2010-03-19,74.4000,77.1500,74.1500,76.5500,113070472
2010-03-12,73.9000,75.9000,73.5500,75.4500,97416427
2010-03-05,77.5000,77.8500,72.5000,72.9500,179701080
2010-02-26,76.5500,77.5500,75.1500,76.6000,79314826
2010-02-19,77.0000,77.3000,74.3000,74.5000,41390759
2010-02-12,73.5000,77.0000,73.2000,75.7000,111988244
2010-02-05,72.8000,76.6000,72.7000,73.8500,104866618
2010-01-29,73.6000,75.6500,72.9000,73.7500,101691036
2010-01-22,78.0000,78.3000,73.6000,74.5000,139418941
2010-01-15,74.6500,79.9000,74.5500,78.9000,234842021
2010-01-08,72.8500,75.0000,72.0000,74.4500,105587758
2009-12-31,69.2500,73.0000,69.0000,72.8500,69934204
2009-12-24,71.6000,71.6000,69.1000,69.6000,58072136
2009-12-18,70.8500,72.4500,69.9000,71.3000,108413659
2009-12-11,74.7000,74.7000,70.1500,70.3500,111483137
2009-12-04,73.0000,74.7000,72.4000,74.1000,112273562
2009-11-27,77.1000,77.1500,71.1500,71.7500,117233320
2009-11-20,74.2500,77.8000,73.8500,76.6500,168369840
2009-11-13,74.0000,75.8000,73.1000,73.7500,118355672
2009-11-06,72.2000,74.8000,72.2000,73.9000,100997242
2009-10-30,75.2500,75.8500,73.1000,74.0000,140520217
2009-10-23,78.0500,79.7500,76.0500,76.8000,135755172
2009-10-16,77.7500,79.7000,76.7500,78.7500,114345002
2009-10-09,74.8000,78.5000,74.4500,77.2500,108177449
2009-10-02,77.6000,77.6500,73.9000,74.0000,111737302
2009-09-25,77.7000,81.2500,77.6000,78.3000,180064537
2009-09-18,78.2500,79.7000,76.3000,77.9500,215582688
2009-09-11,78.5000,81.4500,76.7000,80.0000,158298833
2009-09-04,75.9000,77.8000,74.5000,77.5500,139772957
2009-08-28,80.8000,80.8500,77.0000,77.6500,133664867
2009-08-21,86.3500,86.4500,79.5000,80.0000,158278049
2009-08-14,90.5000,92.2500,87.0000,88.7500,155266077
2009-08-07,80.8000,90.8500,80.5000,88.5500,235190786
2009-07-31,77.9500,83.8000,77.8500,81.4000,222764900
2009-07-24,77.4500,79.1500,74.9500,77.1000,164730753
2009-07-17,73.7000,77.8500,71.7500,76.6000,126870222
2009-07-10,76.0000,76.8500,73.2500,73.8500,93914461
2009-07-03,78.4000,81.1500,75.1500,76.4500,91843231
2009-06-26,75.9500,79.0000,73.7000,78.7000,121116885
2009-06-19,81.1500,82.1500,75.5000,76.1500,116244875
2009-06-12,79.3500,84.0000,76.3000,81.5000,189172037
2009-06-05,76.8000,80.6500,76.0000,79.2500,189584499
2009-05-29,72.2000,78.7500,71.0000,75.7000,116845950
2009-05-22,71.0000,76.2000,70.1000,73.3000,157377171
2009-05-15,77.0000,78.4500,71.9000,72.2000,139221598
2009-05-08,69.5000,76.5500,69.5000,76.2500,238152147
2009-04-30,69.1000,69.1000,66.0000,67.3000,135295668
2009-04-24,73.7000,75.3000,68.2000,69.1000,154297695
2009-04-17,70.0000,76.1000,68.4000,74.0000,207918238
2009-04-09,70.3000,71.1500,66.8000,68.4500,123066515
2009-04-03,69.6500,69.7000,65.1000,68.5000,176209450
2009-03-27,63.9500,70.8000,63.9500,69.6500,181280442
2009-03-20,68.2500,69.6000,63.0000,63.1000,167650645
2009-03-13,65.9000,67.8000,63.0000,67.7000,102231122
2009-03-06,66.6000,68.9000,64.8500,65.0000,132205941
2009-02-27,69.3000,72.8500,68.0000,68.0000,117751167
2009-02-20,75.3000,75.3000,68.0000,68.2000,104315510
2009-02-13,77.0000,77.0000,71.7500,74.7000,83467152
2009-02-06,70.2000,76.0000,68.0500,75.9000,97308571
2009-01-30,68.3750,73.8500,68.3750,70.5000,63350182
2009-01-23,69.5500,71.0000,66.9500,68.4500,119103124
2009-01-16,75.3000,75.3000,68.6000,69.2000,121323719
2009-01-09,84.0000,85.3500,74.2500,75.3000,154710007
2009-01-02,74.0500,81.2000,73.5500,81.2000,50385954
2008-12-24,81.5000,82.2500,73.0000,74.5000,58125890
2008-12-19,80.5000,85.9000,80.4000,81.5000,120908423
2008-12-12,77.7500,82.8000,76.1000,78.5000,159206938
2008-12-05,70.3000,75.6000,69.5000,75.5000,125291671
2008-11-28,64.9000,72.1000,64.9000,71.1000,138524457
2008-11-21,69.9000,70.0000,63.0000,67.5000,159094645
2008-11-14,65.1000,74.6000,63.7500,68.0500,158425868
2008-11-07,69.0000,75.0000,63.7500,68.1000,175694322
2008-10-31,56.0500,68.4000,50.5000,67.8000,322026619
2008-10-24,68.0000,72.2000,57.5000,57.5000,229525726
2008-10-17,68.5000,79.9000,66.1000,66.1000,266020384
2008-10-10,75.0000,75.8500,63.3000,66.4000,201743273
2008-10-03,78.0000,81.3000,69.4000,77.1000,159562990
2008-09-26,85.5000,85.9500,76.6000,77.8000,214696365
2008-09-19,76.3000,84.0000,66.0000,84.0000,309846920
2008-09-12,79.0000,86.2000,75.2500,76.3000,186768685
2008-09-05,88.0000,88.7500,80.0000,82.0000,161523987
2008-08-29,91.9000,97.3500,88.5000,89.6000,234523722
2008-08-22,102.2000,102.2000,90.5500,91.0000,84881075
2008-08-15,100.8000,101.9000,91.1000,93.6600,160862064
2008-08-08,105.0000,105.6000,100.0000,100.1000,124441700
2008-08-01,107.3000,107.8000,102.7000,105.8000,106710579
2008-07-25,106.5000,111.2000,105.8000,107.3000,136017857
2008-07-18,105.0000,106.7000,100.5000,104.2000,144757467
2008-07-11,104.9000,106.0000,101.5000,105.2000,162979747
2008-07-04,104.4000,105.7000,100.8000,103.8000,112947274
2008-06-27,104.5000,110.0000,103.0000,104.4000,132272650
2008-06-20,106.6000,110.1000,106.3000,106.5000,117940497
2008-06-13,111.2000,112.0000,105.0000,105.0000,155875436
2008-06-06,115.5000,118.8000,113.0000,114.9000,152022081
2008-05-30,125.1000,125.1000,111.8000,114.7000,313779272
2008-05-23,133.9000,135.2000,124.1000,125.1000,166509397
2008-05-16,131.5000,134.5000,128.9000,133.9000,76092288
2008-05-09,136.8000,137.0000,128.1000,129.1000,112419281
2008-05-02,136.0000,137.2000,133.8000,135.8000,86694054
2008-04-25,135.5000,139.0000,130.5000,135.4000,165661223
2008-04-18,126.0000,133.1000,125.2000,131.5000,154256245
2008-04-11,120.4720,131.0000,120.4720,130.8000,160301148
2008-04-03,116.0000,124.6000,115.1000,123.8000,132761645
2008-03-28,104.3570,118.5000,104.3570,118.3000,162337852
2008-03-20,103.2000,110.1000,99.7000,104.0000,207714253
2008-03-14,109.8000,115.0000,106.0000,107.0000,189314552
2008-03-07,116.0000,119.6860,110.0000,110.2000,126862692
2008-02-29,116.0000,122.0000,104.6420,120.1000,125915495
2008-02-22,121.4000,122.0000,114.3000,116.0000,125243350
2008-02-15,116.0000,121.0000,112.0000,120.2000,137660820
2008-02-06,121.2000,124.4000,115.4000,116.8000,98291302
2008-02-01,117.6000,120.5000,111.5000,117.4000,199579742
2008-01-25,119.8000,123.2000,108.4000,123.0000,338098838
2008-01-18,133.9000,134.2000,115.7000,123.0000,261879058
2008-01-11,133.0000,137.8000,131.0000,133.4000,141347318
2008-01-04,136.0000,138.2000,132.4000,135.4000,82992782
2007-12-28,142.5000,142.8000,134.8000,134.9000,47954478
2007-12-24,139.2000,142.0000,139.2000,141.7000,19945210
2007-12-21,135.2000,138.5000,129.7000,138.5000,122306593
2007-12-14,145.0000,145.7000,134.3000,137.5000,152415576
2007-12-07,142.4000,148.3000,139.0000,142.9000,150376047
2007-11-30,134.5000,142.0000,128.8000,140.5000,181011762
2007-11-23,133.0000,134.9000,125.0000,129.5000,199498326
2007-11-16,132.8000,143.0000,123.5000,133.1000,273778473
2007-11-09,151.0000,151.6000,134.0000,136.5000,245868065
2007-11-02,156.1000,160.0000,151.5000,152.0000,145443100
2007-10-26,140.6000,155.0000,140.1000,154.2000,188625377
2007-10-18,137.0000,152.2000,135.4000,147.5000,216595344
2007-10-12,130.0000,135.5000,127.0000,133.6000,179832976
2007-10-05,132.3000,140.0000,123.5000,129.9000,184258848
2007-09-28,113.0000,130.2000,112.8000,127.2000,179553586
2007-09-21,109.6000,113.5000,105.3000,111.5000,183396353
2007-09-14,98.0000,108.8000,98.0000,108.6000,188708143
2007-09-07,102.1000,107.3000,100.8000,100.8000,195828656
2007-08-31,99.4000,106.4000,96.8000,106.2000,234787969
2007-08-24,85.0000,96.7500,83.8000,96.7000,315659015
2007-08-17,86.0000,86.5000,75.6000,80.9500,211106000
2007-08-10,86.2000,90.2000,84.0000,84.6500,151157052
2007-08-03,88.3000,91.3500,85.2500,88.7500,180854975
2007-07-27,92.9000,93.9500,87.9000,89.4500,155592270
2007-07-20,91.0000,93.7000,89.7500,93.2000,113944472
2007-07-13,87.5000,92.7000,85.0000,91.9000,190465002
2007-07-06,86.0000,87.9000,84.7500,86.4000,125307756
2007-06-29,84.6500,86.5000,83.0000,84.1000,180076068
2007-06-22,76.7500,85.3500,76.6000,84.6000,254098274
2007-06-15,73.0000,76.2500,72.6000,75.8000,167740519
2007-06-08,72.9000,73.6000,71.6500,72.4000,147501280
2007-06-01,72.5000,73.4500,70.7500,72.1000,145891359
2007-05-25,74.8500,75.3000,72.0000,72.2000,101738907
2007-05-18,74.0000,74.7000,72.9000,74.4000,156827304
2007-05-11,72.4000,73.3000,70.3000,71.1000,118424602
2007-05-04,72.0000,73.1000,70.4000,72.5000,98751585
2007-04-27,74.5000,75.0000,71.5000,72.3500,165614877
2007-04-20,72.5000,76.6000,71.7000,74.9000,180921176
2007-04-13,72.1000,72.2000,70.7500,71.2000,91856130
2007-04-04,70.8000,71.8500,69.6500,71.3500,71661748
2007-03-30,70.5500,72.1000,68.8000,71.1000,145112565
2007-03-23,70.3000,73.8000,70.0000,70.9500,198188381
2007-03-16,67.7000,70.7500,66.2000,69.7000,202992532
2007-03-09,70.0500,71.0000,66.5500,67.0000,268506892
2007-03-02,76.5000,77.7000,70.0000,71.5000,170556026
2007-02-23,76.5000,79.8500,75.9500,79.4000,92690900
2007-02-16,75.0000,75.9000,72.3000,74.8000,124178626
2007-02-09,73.1000,77.4500,72.9000,76.4000,124248381
2007-02-02,73.0500,75.0000,70.8000,73.7500,146658068
2007-01-26,71.4000,79.7500,71.0000,72.8000,210304753
2007-01-19,66.8000,70.9000,66.0000,70.8000,142673200
2007-01-12,67.5000,68.6000,64.5000,65.9500,106650917
2007-01-05,67.2500,71.8000,66.3000,69.5000,138245620
2006-12-29,67.0000,68.5000,65.2000,67.3500,93180667
2006-12-22,61.2500,64.1000,61.2500,64.0500,137684715
2006-12-15,62.1000,63.9500,60.8500,62.0500,133679227
2006-12-08,63.5000,65.3500,60.7500,61.8000,168108218
2006-12-01,68.3000,68.3000,63.1500,64.1000,138814123
2006-11-24,67.2000,68.7000,65.8500,67.8000,101436354
2006-11-17,65.0000,69.5000,64.7500,68.6000,123665515
2006-11-10,66.1000,69.7000,64.4500,65.5500,157592220
2006-11-03,61.5000,66.7500,61.2000,66.4500,96603018
2006-10-27,59.6000,63.8500,59.0000,62.3500,127537679
2006-10-20,59.2000,59.5000,57.4000,59.1000,99909991
2006-10-13,57.5500,58.8000,55.7500,58.2500,95176885
2006-10-06,54.9000,58.8000,54.3500,57.5000,102341126
2006-09-29,55.6000,56.7000,53.0000,55.2000,109470302
2006-09-22,51.9500,56.0000,51.6000,55.6500,114991704
2006-09-15,52.0000,52.7500,50.6000,51.9500,96011103
2006-09-08,52.5500,53.1000,50.6500,51.7000,91680568
2006-09-01,50.0000,52.9500,49.7500,52.5500,93086884
2006-08-25,51.8500,51.8500,48.9000,49.6500,99450142
2006-08-18,51.7500,52.6000,51.0500,51.7500,66870665
2006-08-11,48.8000,52.1500,48.4500,51.4500,103066661
2006-08-04,51.0000,51.0000,48.5500,48.8000,119942694
2006-07-28,45.8000,50.9500,45.8000,50.3000,137680835
2006-07-21,43.5000,46.4500,43.3000,46.2000,78201613
2006-07-14,44.9000,46.2500,43.6000,44.1000,84878352
2006-07-07,44.4000,45.8000,43.6000,45.3500,67668870
2006-06-30,42.0000,44.5000,41.6000,44.4000,91433374
2006-06-23,41.5000,42.7000,40.5500,42.1500,82711451
2006-06-16,40.7000,42.1500,39.2500,41.8500,152453342
2006-06-09,41.8000,42.7000,39.9000,41.1000,116756922
2006-06-02,41.0000,41.8000,39.7500,41.7500,100120515
2006-05-26,43.0000,43.0000,39.6000,40.6500,134806978
2006-05-19,43.5000,44.2500,41.8000,42.7000,145949416
2006-05-12,45.0000,47.5500,44.3000,44.6000,94257091
2006-05-04,45.1000,46.0000,43.8500,45.0500,71665045
2006-04-28,45.5000,46.7500,44.3500,45.1000,108489725
2006-04-21,45.4500,47.5000,45.0500,46.1500,82772943
2006-04-13,44.0000,45.8500,43.6500,44.3000,85358091
2006-04-07,41.6000,45.7500,41.0500,45.1500,100889954
2006-03-31,39.0000,42.2500,38.7000,40.7500,240626545
2006-03-24,38.4500,39.2500,37.8500,38.6000,128334166
2006-03-17,36.0500,38.6000,35.5000,38.2000,204927915
2006-03-10,37.0000,37.6000,35.0500,35.5500,149166991
2006-03-03,38.1500,38.1500,37.0000,37.1000,87135344
2006-02-24,36.3000,38.1500,36.3000,37.9500,159758278
2006-02-17,36.1500,36.9000,35.3000,36.6000,95815171
2006-02-10,36.9000,37.4500,35.9000,36.2500,144069129
2006-02-03,38.1000,38.3000,36.9000,36.9500,113497892
2006-01-27,37.3500,38.0000,36.7500,37.7500,135967722
2006-01-20,39.0500,39.3000,36.9000,38.1000,132548255
2006-01-13,38.2000,39.1000,37.8000,39.0000,146706516
2006-01-06,36.7000,39.1000,36.7000,38.2500,84066837
2005-12-30,38.2000,38.6000,36.4000,36.6500,94033627
2005-12-23,38.4000,39.4500,38.3500,39.0000,70235011
2005-12-16,37.4500,38.4000,36.9000,38.3500,87348200
2005-12-09,39.8000,39.9000,37.1000,37.3000,106209117
2005-12-02,38.2000,39.8000,37.7500,39.8000,83809705
2005-11-25,37.6000,38.2500,37.0000,38.0000,71460119
2005-11-18,36.2000,37.9500,35.0000,37.4000,102321856
2005-11-11,35.0000,36.7000,34.0000,36.1500,95138235
2005-11-04,34.1000,35.3500,34.0000,35.0500,94843368
2005-10-28,34.9500,35.6000,33.5000,33.8000,81445430
2005-10-21,34.2000,35.2500,33.6000,35.0000,126706523
2005-10-14,35.3500,35.8000,33.2500,33.8500,107464387
2005-10-07,38.0000,38.5500,34.9000,35.3500,134809307
2005-09-30,36.8000,38.5500,36.4000,38.0500,81666873
2005-09-23,34.5000,36.7500,34.3500,36.4500,80565078
2005-09-16,35.0000,35.1000,34.1000,34.5000,39825911
2005-09-09,34.8500,35.1500,33.6500,34.6500,51034589
2005-09-02,33.3000,34.9500,32.7000,34.7000,70778864
2005-08-26,33.9000,35.3000,33.3500,34.2500,84842672
2005-08-19,34.8000,35.8500,33.6000,33.7000,92596894
2005-08-12,31.9500,35.4500,31.9000,34.9500,121494134
2005-08-05,31.2500,32.4000,31.1500,32.0500,79271127
2005-07-29,31.0000,31.5000,30.5500,31.2000,73972515
2005-07-22,29.6500,31.1500,29.3500,30.9000,126430039
2005-07-15,28.0000,30.2000,27.7500,29.5500,130325220
2005-07-08,28.9500,29.1500,27.2500,27.5000,94200431
2005-06-30,29.0000,29.6500,28.7500,28.9500,89550962
2005-06-24,28.7000,30.1000,28.5000,29.3500,138366082
2005-06-17,28.7500,29.0000,28.1000,28.5500,78949030
2005-06-10,28.2500,29.1000,28.0500,28.7000,90555114
2005-06-03,27.3000,29.1000,27.2000,28.3500,155156940
2005-05-27,27.2500,27.3500,26.5500,27.2500,74205636
2005-05-20,27.3000,27.3000,26.1500,27.0500,79474925
2005-05-13,27.7500,27.9000,27.0500,27.1500,93588633
2005-05-06,27.5000,27.9000,27.0000,27.5500,115602648
2005-04-29,26.4000,27.0500,26.1000,27.0000,125520601
2005-04-22,25.0000,26.2500,25.0000,26.1000,109451327
2005-04-15,25.9000,26.4500,25.7500,25.9000,88605485
2005-04-08,25.3000,26.2000,25.1000,26.2000,72795063
2005-04-01,25.9500,25.9500,25.0500,25.3500,96212541
2005-03-24,26.2500,26.4500,25.5000,25.9000,75474383
2005-03-18,25.6000,26.7000,25.4500,26.2500,165773175
2005-03-11,24.6500,25.6500,24.4000,25.6000,126507180
2005-03-04,25.5000,25.6500,24.1000,24.3000,109525851
2005-02-25,25.4500,25.5500,24.8500,25.2500,94774994
2005-02-18,25.3500,25.5000,24.9000,25.4500,101982186
2005-02-08,24.5500,24.9000,24.5500,24.9000,28984975
2005-02-04,24.1500,24.6500,23.6000,24.2000,117714663
2005-01-28,23.8000,24.6500,23.3000,24.2000,116864968
2005-01-21,24.4000,24.7000,23.7000,23.8500,115705751
2005-01-14,24.0000,24.6500,23.7500,24.2000,138680633
2005-01-07,26.3000,26.7500,23.4500,24.0000,160928659
2004-12-31,26.5500,26.9500,26.1500,26.3500,41694429
2004-12-24,26.3000,27.2000,26.2000,26.5500,59206672
2004-12-17,25.8000,26.8000,25.4000,26.3500,90479385
2004-12-10,26.8000,26.9500,25.3500,25.7000,100771943
2004-12-03,25.4000,27.1500,25.0000,26.8000,169838656
2004-11-26,23.6500,25.6500,23.6500,25.0000,161787446
2004-11-19,24.3000,24.3500,23.8000,24.1000,96181299
2004-11-12,23.5500,24.2500,23.2000,24.2000,101688179
2004-11-05,22.6500,23.8000,22.6500,23.5000,95183521
2004-10-29,22.2000,22.9000,22.1000,22.5500,132461547
2004-10-22,23.2500,23.4000,22.7500,22.9000,52578768
2004-10-15,23.6500,24.0000,22.9000,23.1500,83205360
2004-10-08,24.2000,24.5000,23.5500,23.6500,88809892
2004-10-01,23.9000,23.9500,23.1000,23.6500,45353035
2004-09-24,23.8500,24.7500,23.8000,23.9500,111585483
2004-09-17,23.3500,24.0000,23.0000,23.7500,87279289
2004-09-10,23.2000,23.6000,22.7500,23.3500,72208569
2004-09-03,22.6500,23.5500,22.6000,23.2500,92043295
2004-08-27,21.3000,22.8500,21.0000,22.6500,114403236
2004-08-20,22.0000,22.1000,21.0000,21.1500,114045894
2004-08-13,22.5500,22.8500,22.0000,22.1000,51023113
2004-08-06,22.6500,23.0000,22.1500,22.8000,71502034
2004-07-30,22.8500,23.3500,22.3000,22.6500,53272873
2004-07-23,22.5000,23.3500,22.2000,23.3000,68647262
2004-07-16,23.2000,23.3500,21.5500,22.3000,101320246
2004-07-09,23.5000,23.9000,22.9000,23.2000,93170904
2004-07-02,23.0500,23.7000,22.8500,23.6000,69229634
2004-06-25,22.7000,23.4500,22.0000,23.3500,84419237
2004-06-18,23.5000,23.8500,22.0500,22.3500,114105475
2004-06-11,23.0000,23.6000,22.7500,23.5000,99917386
2004-06-04,22.3000,22.7000,21.6500,22.0500,103840141
2004-05-28,21.1000,22.6000,20.8500,22.3000,107671585
2004-05-21,19.6500,21.2500,19.1500,21.0000,155348441
2004-05-14,20.6500,20.7000,19.7000,19.8000,145544399
2004-05-07,20.5000,21.7500,20.4500,21.0500,128179840
2004-04-30,21.3500,21.3500,20.2500,20.5500,136774343
2004-04-23,22.1500,22.3000,20.9000,21.4000,124882471
2004-04-16,23.2500,23.9500,21.9500,22.2000,142169768
2004-04-09,22.9000,23.8000,22.9000,23.2500,77760694
2004-04-02,22.8000,23.3500,22.3000,22.9000,115889398
2004-03-26,22.2000,23.0000,22.0500,22.5000,148635365
2004-03-19,24.9500,25.2000,22.6500,23.0000,166132810
2004-03-12,27.3000,27.6500,24.2500,24.9500,130524227
2004-03-05,28.0000,28.1000,26.5000,26.9500,81990447
2004-02-27,27.7000,27.7000,26.2500,27.4000,102025014
2004-02-20,26.4500,27.5000,26.3500,27.4500,96024562
2004-02-13,26.0000,26.6500,25.7500,26.4000,89152624
2004-02-06,24.9500,25.7000,24.6000,25.4500,102576440
2004-01-30,28.0000,28.0000,25.2500,25.6000,145062844
2004-01-23,26.2500,27.8500,25.5500,27.8000,69441659
2004-01-16,27.2000,27.2500,26.0000,26.2500,103054572
2004-01-09,24.7000,27.5000,24.5500,27.3500,166763282
2004-01-02,23.4000,24.5000,23.1500,24.4000,66123642
2003-12-26,23.9000,24.1000,23.2000,23.5000,40873926
2003-12-19,23.6000,24.0500,22.7000,23.6500,140402502
2003-12-12,22.3000,23.8000,22.1500,23.5000,113964028
2003-12-05,22.8000,23.4500,22.3000,22.5500,102476114
2003-11-28,21.6500,22.5500,21.5000,22.5500,98124180
2003-11-21,21.4500,22.0000,21.1000,21.6500,113293142
2003-11-14,22.3500,22.5000,21.3000,22.2000,148318049
2003-11-07,22.2000,23.3500,22.0500,22.2000,118674661
2003-10-31,21.7000,23.2500,21.2500,22.0500,152174321
2003-10-24,23.0000,23.4500,21.2000,21.6500,167487315
2003-10-17,23.3500,23.8000,22.7500,23.0000,136934480
2003-10-10,21.1500,23.5000,21.1000,23.3500,263115857
2003-10-03,20.5000,21.2000,20.1000,20.9500,146742151
2003-09-26,20.4000,20.8000,19.7500,20.6000,204678840
2003-09-19,20.7000,21.5500,20.1500,20.5000,141492976
2003-09-12,21.2000,21.5000,20.0500,20.4500,92022854
2003-09-05,20.2500,21.5000,19.9000,21.2500,159284021
2003-08-29,20.0500,20.4500,19.6500,20.0500,114388036
2003-08-22,19.0500,20.1000,18.9500,20.0500,125514159
2003-08-15,19.0500,19.8500,18.9500,19.0000,138726122
2003-08-08,20.3000,20.6000,18.9000,18.9000,147320681
2003-08-01,20.1000,20.7000,19.9000,20.4500,82009390
2003-07-25,21.2000,21.3000,19.5000,19.8000,82071453
2003-07-18,20.3500,21.6000,20.3000,21.0000,125351446
2003-07-11,19.0000,20.6000,18.7500,20.1000,156464197
2003-07-04,18.2000,19.1000,18.1500,18.8000,66586940
2003-06-27,19.4500,19.5500,18.0000,18.6000,86955623
2003-06-20,18.9000,19.8000,18.8500,19.4500,114275841
2003-06-13,18.6000,19.0000,18.1000,18.9000,95842289
2003-06-06,18.2000,19.1000,18.1500,18.5500,99375247
2003-05-30,17.5000,18.2500,17.4000,17.8500,138738609
2003-05-23,16.0000,17.2000,16.0000,17.2000,79132918
2003-05-16,17.2000,17.3000,16.2500,16.5500,111159569
2003-05-09,16.1000,17.0500,16.0500,16.9000,102652817
2003-05-02,14.7500,15.9500,14.7500,15.8500,109987624
2003-04-25,15.4500,15.7000,14.5500,14.8000,85042128
2003-04-18,15.3000,15.8500,15.1500,15.4500,59504788
2003-04-11,15.8500,16.4000,15.2500,15.5000,123348944
2003-04-04,15.8000,15.9000,14.9500,15.6500,125498316
2003-03-28,17.5000,17.6000,16.0000,16.0500,102293282
2003-03-21,16.2000,17.6000,15.6500,17.3500,146863181
2003-03-14,15.7000,16.6000,15.3000,16.2500,113073796
2003-03-07,16.9000,17.2000,15.3500,15.5500,147216429
2003-02-28,18.0500,18.0500,16.8000,16.8000,95388655
2003-02-21,17.9500,18.4000,17.7000,17.8000,101919934
2003-02-14,17.5500,18.3500,17.5000,17.6000,153784407
2003-02-07,18.4000,18.5000,17.6500,17.7500,74469984
2003-01-31,18.5000,18.8000,18.2500,18.4000,84497361
2003-01-24,19.0000,19.5000,18.7500,18.9000,94628537
2003-01-17,19.8000,20.2000,19.2000,19.2500,81789121
2003-01-10,19.3000,20.1500,19.2500,19.8000,119077541
2003-01-03,18.9500,19.3500,18.4500,19.2500,47513491
2002-12-27,19.5000,19.6000,18.9500,19.0500,33432593
2002-12-20,19.8000,20.1000,18.8500,19.5000,101939452
2002-12-13,21.0500,21.1000,20.0500,20.1000,72995686
2002-12-06,20.6500,21.8500,20.6500,21.0500,70590507
2002-11-29,20.6000,21.2000,20.5000,20.6500,70856825
2002-11-22,20.2000,21.0500,19.9500,20.7500,85961645
2002-11-15,19.5000,20.3000,18.9500,20.2000,101796548
2002-11-08,19.4000,20.1000,19.2500,19.6000,88570005
2002-11-01,20.5500,21.0000,18.6000,18.9500,121054949
2002-10-25,20.6000,21.2000,20.0500,20.5500,91171158
2002-10-18,18.2500,20.9000,18.2500,20.5500,125183237
2002-10-11,18.3000,18.9000,17.9000,18.2500,89614773
2002-10-04,17.7500,18.9500,17.5500,18.9000,102893001
2002-09-27,18.0000,18.5000,17.6000,18.1500,75976326
2002-09-20,19.8500,20.0000,17.6000,18.0500,137557011
2002-09-13,20.2000,20.8000,19.7000,19.9500,93182916
2002-09-06,21.5500,21.5500,19.9000,20.1500,106641625
2002-08-30,22.0000,22.3500,21.5000,21.6000,65185865
2002-08-23,22.7000,23.1500,22.4000,22.8500,49946623
2002-08-16,21.5000,22.9500,21.4500,22.7000,113051283
2002-08-09,21.1000,21.9000,20.2500,21.5500,77728540
2002-08-02,20.3000,21.9000,20.0500,21.4000,101385553
2002-07-26,22.1000,22.1000,19.6000,20.1000,185468146
2002-07-19,23.0500,23.1500,22.1000,22.3500,112974369
2002-07-12,23.8000,23.8000,22.4500,23.1500,91557405
2002-07-05,23.0500,23.6000,22.5000,23.4000,78660989
2002-06-28,22.7000,23.3500,22.1500,23.0500,112662881
2002-06-21,23.8000,23.9500,22.7000,22.9500,95028990
2002-06-14,24.3000,24.6500,23.7500,23.8500,75705788
2002-06-07,24.7000,25.2000,24.1500,24.3000,93815888
2002-05-31,25.8000,25.8500,24.5500,24.6500,88552480
2002-05-24,27.3000,27.4000,25.7000,25.9000,102261864
2002-05-17,25.4000,27.5000,25.4000,27.3000,124172715
2002-05-10,26.0000,26.8000,25.5000,25.6500,120811010
2002-05-03,25.0000,27.0500,24.7500,26.5500,114589839
2002-04-26,24.5000,25.6000,23.7000,25.1500,152477880
2002-04-19,23.0000,24.7500,23.0000,24.3500,112406760
2002-04-12,23.5500,23.6000,22.7500,22.9500,94903338
2002-04-05,24.0500,24.2000,23.4000,23.6500,46337454
2002-03-29,23.2500,24.5000,22.8000,24.0500,89271998
2002-03-22,25.2000,25.5500,23.2000,23.3000,121841891
2002-03-15,24.8500,25.7500,24.6500,24.9000,94019614
2002-03-08,23.2500,25.5000,22.8500,24.8000,164656379
2002-03-01,22.9500,23.4000,22.2000,22.4500,103850466
2002-02-22,23.5000,23.8500,22.2500,22.8500,92256842
2002-02-15,22.3000,24.2000,22.2000,23.7000,48908031
2002-02-08,22.3500,22.8500,21.4500,22.0000,88817418
2002-02-01,21.6500,23.1000,21.3500,22.3000,112603821
2002-01-25,24.2000,24.4500,21.2500,21.6000,149192720
2002-01-18,23.8500,24.8500,23.7000,24.1000,90673562
2002-01-11,27.9000,28.5500,23.7000,24.2000,185465710
2002-01-04,27.6000,28.1000,26.7500,27.9000,38025521
2001-12-28,27.0500,27.6000,26.6500,27.5500,30248177
2001-12-21,28.2000,28.5000,26.8000,26.8500,72692846
2001-12-14,28.4500,30.3000,27.8500,28.2000,92017867
2001-12-07,27.5500,29.8000,26.7500,28.9000,144770816
2001-11-30,28.0000,28.3000,26.3500,27.5500,80310632
2001-11-23,28.4500,28.9500,26.3500,27.4500,97130745
2001-11-16,25.1000,28.6000,24.3000,28.4500,126375099
2001-11-09,24.1500,25.9000,23.7000,25.1000,96299510
2001-11-02,24.9500,24.9500,22.9500,24.0500,81122901
2001-10-26,22.0000,25.1000,21.9000,24.6500,89039397
2001-10-19,23.3000,24.2000,20.9500,21.8500,188920765
2001-10-12,24.0500,26.6000,23.3000,24.6500,107178785
2001-10-05,23.8000,25.9000,23.8000,25.0000,58418202
2001-09-28,23.1000,25.0000,22.8000,23.8000,52421703
2001-09-21,20.5000,23.6000,20.2500,23.1000,148127312
2001-09-14,20.6000,21.8500,18.1500,21.4500,178994374
2001-09-07,24.2000,24.2000,20.6500,21.3000,161208707
2001-08-31,25.0000,26.0000,23.9000,24.3500,128265522
2001-08-24,27.5000,28.0000,23.7500,24.1500,238896134
2001-08-17,32.3000,35.0000,28.9000,29.1500,174366363
2001-08-10,33.9000,34.2000,31.9000,32.3000,75925474
2001-08-03,34.3000,36.1000,34.0000,34.4000,111163444
2001-07-27,34.7000,35.2000,34.0000,34.9000,68685283
2001-07-20,38.3000,38.7000,34.8000,35.2000,78232997
2001-07-13,39.1000,39.4000,37.1000,38.3000,107896017
2001-07-06,41.1000,42.4000,40.7000,40.8000,41719552
2001-06-29,41.7000,41.7000,39.8000,41.1000,58595907
2001-06-22,40.5000,42.2000,38.9000,41.7000,67466442
2001-06-15,41.0000,42.9000,39.5000,40.8000,105392768
2001-06-08,37.9000,42.0000,37.5000,41.8000,74635752
2001-06-01,40.0000,40.6000,36.8000,37.8000,75333600
2001-05-25,38.8000,41.7000,38.7000,40.6000,59158609
2001-05-18,38.7000,39.4000,36.6000,38.4000,68841770
2001-05-11,40.0000,40.3000,38.6000,39.0000,55477645
2001-05-04,38.4000,42.8000,38.4000,39.6000,62325622
2001-04-27,37.4000,38.4000,36.5000,38.4000,75163878
2001-04-20,36.5000,39.8000,34.1000,37.9000,79784460
2001-04-13,32.4000,37.0000,31.9000,36.5000,77016443
2001-04-06,34.3000,34.7000,29.6000,32.9000,89869355
2001-03-30,33.7000,35.9000,33.6000,34.5000,71174665
2001-03-23,38.2000,38.6000,32.8000,33.4000,104977247
2001-03-16,36.5000,38.8000,0.0000,38.5000,78104551
2001-03-09,36.0000,39.0000,36.0000,37.6000,142763415
2001-03-02,42.8000,43.2000,35.7000,35.9000,165965356
2001-02-23,46.1000,46.1000,41.8000,43.3000,97222262
2001-02-16,48.3000,48.6000,46.1000,46.6000,65998931
2001-02-09,49.8000,50.0000,48.3000,48.9000,54322866
2001-02-02,50.0000,51.0000,48.8000,50.5000,89395826
2001-01-26,49.4000,51.0000,0.0000,0.0000,37027209
2001-01-19,45.3000,49.7000,45.0000,49.3000,87126295
2001-01-12,42.7000,46.0000,42.6000,45.0000,91369971
2001-01-05,42.6000,44.2000,40.5000,43.5000,68786225
2000-12-29,0.0000,43.0000,0.0000,42.6000,36198510
2000-12-22,45.5000,46.8000,40.9000,41.9000,63090502
2000-12-15,47.4000,48.5000,45.5000,45.9000,81735554
2000-12-08,46.0000,48.3000,45.5000,46.7000,94187839
2000-12-01,43.2000,46.2000,39.6000,45.6000,241928787
2000-11-24,50.2500,51.2500,42.0000,42.2000,171847866
2000-11-17,48.8000,52.2500,48.1000,50.5000,100514481
2000-11-10,51.5000,54.0000,50.2500,50.7500,103438950
2000-11-03,53.0000,53.0000,48.5000,51.2500,155468955
2000-10-27,53.5000,54.0000,50.5000,52.2500,46248300
2000-10-20,50.0000,54.2500,48.0000,53.5000,76114153
2000-10-13,57.7500,58.0000,49.6000,50.0000,74279713
2000-10-06,52.0000,59.5000,50.2500,59.0000,74782342
2000-09-29,49.4000,52.5000,48.4000,52.0000,96296879
2000-09-22,54.0000,55.0000,46.8000,47.1000,99998194
2000-09-15,60.5000,60.5000,55.2500,55.7500,51446456
2000-09-08,60.5000,63.5000,60.0000,61.0000,53896593
2000-09-01,59.0000,62.2500,58.0000,59.7500,60920147
2000-08-25,63.7500,64.0000,58.5000,59.0000,61476896
2000-08-18,62.5000,65.7500,59.7500,63.5000,47248865
2000-08-11,66.7500,68.0000,61.0000,61.7500,68351660
2000-08-04,62.7500,68.0000,62.0000,65.7500,74631264
2000-07-28,71.0000,71.0000,63.2500,64.2500,57615021
2000-07-21,74.2500,76.2500,71.2500,71.5000,48906473
2000-07-14,74.5000,74.7500,71.2500,73.0000,50062268
2000-07-07,68.5000,73.0000,66.5000,72.5000,52515370
2000-06-30,63.0000,73.7500,62.7500,69.5000,67488060
2000-06-23,64.0000,68.2500,63.7500,64.0000,38818904
2000-06-16,66.0000,66.7500,61.0000,66.0000,56133596
2000-06-09,65.0000,66.7500,62.5000,66.2500,71049925
2000-06-02,49.0000,62.5000,48.6000,62.0000,116626705
2000-05-26,49.0000,50.5000,47.2000,48.8000,107907061
2000-05-19,57.5000,58.7500,49.4000,51.0000,131564208
2000-05-12,58.2500,58.2500,51.7500,58.0000,44687587
2000-05-05,55.7500,63.0000,55.7500,58.2500,50580879
2000-04-28,56.5000,58.2500,51.7500,55.7500,51968807
2000-04-21,54.0000,58.2500,50.7500,56.5000,78276489
2000-04-14,70.5000,70.7500,59.0000,60.5000,113301523
2000-04-07,68.0000,69.5000,59.5000,69.2500,80256918
2000-03-31,73.0000,77.2500,65.0000,68.5000,64726640
2000-03-24,65.0000,77.0000,65.0000,73.2500,67868449
2000-03-17,71.0000,71.7500,62.2500,67.7500,84813533
2000-03-10,79.0000,80.0000,72.0000,73.2500,56474571
2000-03-03,75.0000,79.0000,68.0000,76.0000,113660955
2000-02-25,57.0000,70.2500,54.7500,69.2500,82066215
2000-02-18,68.5000,72.0000,57.2500,58.5000,79060850
2000-02-11,52.5000,70.7500,52.5000,67.2500,84982485
2000-02-04,50.0000,53.2500,47.6000,52.5000,77781247
2000-01-28,44.8000,53.5000,42.9000,52.0000,86037819
2000-01-21,45.0000,47.4000,42.9000,44.8000,85622304
2000-01-14,45.5000,49.6000,43.0000,43.6000,92318545
